{
  "K_optimal": 8,
  "method": "convex_sharpe_maximization",
  "reference": "Morapakula et al. (2025) - Equation 7",
  "portfolio_metrics": {
    "annual_return": 0.4795878059758021,
    "annual_risk": 0.15286543455958151,
    "sharpe_ratio": 2.744818062923582
  },
  "optimization_details": {
    "sum_of_weights": 2.383291377294389,
    "max_weight": 0.3132893759079721,
    "non_zero_threshold": 0.01
  }
}