{
  "K_optimal": 8,
  "method": "convex_sharpe_maximization",
  "reference": "Morapakula et al. (2025) - Equation 7",
  "portfolio_metrics": {
    "annual_return": 0.47958780597580186,
    "annual_risk": 0.15286543455958146,
    "sharpe_ratio": 2.7448180629235814
  },
  "optimization_details": {
    "sum_of_weights": 2.3832913772943884,
    "max_weight": 0.31328937590797173,
    "non_zero_threshold": 0.01
  }
}