{
  "K_optimal": 8,
  "method": "convex_sharpe_maximization",
  "reference": "Morapakula et al. (2025) - Equation 7",
  "portfolio_metrics": {
    "annual_return": 0.37233661160854126,
    "annual_risk": 0.15658124242052918,
    "sharpe_ratio": 1.994725592799302
  },
  "optimization_details": {
    "sum_of_weights": 3.201673972353018,
    "max_weight": 0.5516611444818849,
    "non_zero_threshold": 0.01
  }
}