{
  "stocks": [
    "TVSMOTOR",
    "PERSISTENT",
    "TRENT",
    "ADANIPOWER",
    "ABB",
    "CHOLAFIN",
    "INDIGO",
    "SHREECEM"
  ],
  "weights": [
    0.26057472005907767,
    0.2402470593825856,
    0.18529645002901723,
    0.12009583607286348,
    0.19378593445645603,
    6.268808084165831e-17,
    0.0,
    0.0
  ],
  "optimization_info": {
    "sharpe_ratio": 2.418098440421155,
    "portfolio_return": 0.554926319488665,
    "portfolio_volatility": 0.20467583586153124,
    "risk_free_rate": 0.06,
    "method": "SLSQP_Sharpe_Maximization",
    "max_weight": 0.26057472005907767,
    "min_weight": 0.0
  }
}