{
  "comparison_date": "2026-03-25T13:43:35.264026",
  "metrics": [
    {
      "strategy": "Equal-Weight Buy-Hold",
      "total_return": 19.375059315551614,
      "annual_return": 8.533477858263039,
      "volatility": 15.181044269660823,
      "sharpe_ratio": 0.16688429420670164,
      "sortino_ratio": 0.2071250579963449,
      "max_drawdown": -22.526419862955553,
      "calmar_ratio": 0.3788208650188683,
      "win_rate": 56.14678899082569,
      "var_95": -1.5102381173603072,
      "num_periods": 545
    },
    {
      "strategy": "Quantum Buy-Hold",
      "total_return": 41.95971803033298,
      "annual_return": 17.586894744999526,
      "volatility": 22.0795379537828,
      "sharpe_ratio": 0.5247797652855497,
      "sortino_ratio": 0.7341619463592353,
      "max_drawdown": -29.96389257213954,
      "calmar_ratio": 0.5869362501103025,
      "win_rate": 53.39449541284404,
      "var_95": -2.264505193090531,
      "num_periods": 545
    },
    {
      "strategy": "Quantum + Quarterly Rebalancing",
      "total_return": 51.61646919143625,
      "annual_return": 21.22005377709215,
      "volatility": 21.58841090636595,
      "sharpe_ratio": 0.7050103800184797,
      "sortino_ratio": 0.9960662103445082,
      "max_drawdown": -26.859154067161594,
      "calmar_ratio": 0.7900492221024976,
      "win_rate": 54.49541284403669,
      "var_95": -2.182824995423427,
      "num_periods": 545
    }
  ],
  "summary": {
    "best_sharpe": "Quantum + Quarterly Rebalancing",
    "best_return": "Quantum + Quarterly Rebalancing",
    "best_drawdown": "Equal-Weight Buy-Hold"
  }
}