{
  "comparison_date": "2026-03-26T18:15:36.158454",
  "metrics": [
    {
      "strategy": "Classical (Sharpe Optimized)",
      "total_return": 404.421076283211,
      "annual_return": 38.97637988453124,
      "volatility": 16.955018470161427,
      "sharpe_ratio": 1.9449332917310163,
      "sortino_ratio": 2.8305489612390233,
      "max_drawdown": -19.609239692810156,
      "calmar_ratio": 1.98765380479398,
      "win_rate": 56.49717514124294,
      "var_95": -1.4989845234620471,
      "num_periods": 1239
    },
    {
      "strategy": "Quantum Buy-Hold",
      "total_return": 365.39312436051665,
      "annual_return": 36.71865870820752,
      "volatility": 19.578812004830965,
      "sharpe_ratio": 1.5689745986951535,
      "sortino_ratio": 2.3970929329721664,
      "max_drawdown": -19.38779712521,
      "calmar_ratio": 1.8939056598886193,
      "win_rate": 56.25504439063761,
      "var_95": -1.6300464739198273,
      "num_periods": 1239
    },
    {
      "strategy": "Quantum + Quarterly Rebalancing",
      "total_return": 402.705269093061,
      "annual_return": 38.88010019225767,
      "volatility": 17.408038748670364,
      "sharpe_ratio": 1.8887883159594343,
      "sortino_ratio": 2.8710170428584894,
      "max_drawdown": -17.360648393297502,
      "calmar_ratio": 2.23955346087582,
      "win_rate": 55.85149313962873,
      "var_95": -1.4822184951216266,
      "num_periods": 1239
    }
  ],
  "summary": {
    "best_sharpe": "Classical (Sharpe Optimized)",
    "best_return": "Classical (Sharpe Optimized)",
    "best_drawdown": "Quantum + Quarterly Rebalancing"
  }
}