{
  "comparison_date": "2026-03-26T12:24:24.562538",
  "metrics": [
    {
      "strategy": "Equal-Weight Buy-Hold",
      "total_return": 19.375059315551614,
      "annual_return": 8.533477858263039,
      "volatility": 15.181044269660823,
      "sharpe_ratio": 0.16688429420670164,
      "sortino_ratio": 0.2071250579963449,
      "max_drawdown": -22.526419862955553,
      "calmar_ratio": 0.3788208650188683,
      "win_rate": 56.14678899082569,
      "var_95": -1.5102381173603072,
      "num_periods": 545
    },
    {
      "strategy": "Quantum Buy-Hold",
      "total_return": 43.08302780357827,
      "annual_return": 18.016210038732282,
      "volatility": 22.91160357508733,
      "sharpe_ratio": 0.5244595822091638,
      "sortino_ratio": 0.739920609440254,
      "max_drawdown": -26.27333268727466,
      "calmar_ratio": 0.6857222969455388,
      "win_rate": 53.027522935779814,
      "var_95": -2.0949340024857896,
      "num_periods": 545
    },
    {
      "strategy": "Quantum + Quarterly Rebalancing",
      "total_return": 47.74832863721801,
      "annual_return": 19.780121997092603,
      "volatility": 23.213962345455545,
      "sharpe_ratio": 0.593613524137996,
      "sortino_ratio": 0.848097934833135,
      "max_drawdown": -25.473883137288762,
      "calmar_ratio": 0.776486328781904,
      "win_rate": 53.027522935779814,
      "var_95": -2.0847963599656403,
      "num_periods": 545
    }
  ],
  "summary": {
    "best_sharpe": "Quantum + Quarterly Rebalancing",
    "best_return": "Quantum + Quarterly Rebalancing",
    "best_drawdown": "Equal-Weight Buy-Hold"
  }
}