,Total Return,Annualized Return,Volatility,Sharpe Ratio,Max Drawdown
Classical,0.11702470251462405,0.022764111047324675,0.14928553048194046,-0.18244158603147503,-0.305818578964799
Quantum,1.0510092077513487,0.1573135537350201,0.13788245044275613,0.7782974076136894,-0.224620428341897
Quantum_Rebalanced,3.578167928500391,0.36263009549560077,0.19279707868680843,1.6215499613635567,-0.3233059672659927
BSE_500,0.7338292217374551,0.11843681621585311,0.14148038107049843,0.4837194789696788,-0.18962173854598885
HDFCNIF100,-0.8577445789564792,-0.3274217607467287,1.0508520729764135,-0.35915784005423945,-0.9088095256260463
Nifty_100,0.6338538991795131,0.10500794460824392,0.13857786601294333,0.39694610828475385,-0.17556007864249845
Nifty_200,0.722589595291645,0.11695835299022139,0.1412543604552821,0.47402680366401057,-0.18147947699282596
Nifty_50,0.5986369007250745,0.1001214791606071,0.13600866855303143,0.3685167989205344,-0.17229756084670078
