,Total Return,Annualized Return,Volatility,Sharpe Ratio,Max Drawdown
Classical,0.43425694815060534,0.15491892222043946,0.15593621618955536,0.6728322950513336,-0.2590845950253642
Quantum,0.6016588385818753,0.20697514261283567,0.13250215231860882,1.1846988133096903,-0.16804470032020746
Quantum_Rebalanced,1.381653985174434,0.41420561601015704,0.17141661694833668,2.1246809235532,-0.22740583985638174
BSE_500,0.5678333574389278,0.19672994077982087,0.1333402858637857,1.1004171757192227,-0.18962173854598885
HDFCNIF100,-0.846815021993012,-0.5272810910173377,1.467020337246793,-0.3935058542547139,-0.9088095256260463
Nifty_100,0.5045927610266778,0.17721318804018948,0.12837762509885178,0.9909295949526589,-0.17525524535656956
Nifty_200,0.5551470758797943,0.1928532565470189,0.1320367464267057,1.08192045330591,-0.18075164150933676
Nifty_50,0.4514896358821281,0.16044082591111186,0.12345490418534048,0.8945843556389559,-0.15766678303740744
