,Total Return,Annualized Return,Volatility,Sharpe Ratio,Max Drawdown
Classical,0.4340724022060878,0.1548595727286355,0.1559375005417754,0.6724461554425375,-0.25911134506537836
Quantum,0.7069930814124408,0.2380708240737115,0.13075637660557007,1.4383300375555061,-0.1988675156265859
Quantum_Rebalanced,0.8074304121578957,0.26666473373497324,0.17487502232362784,1.2389690125900792,-0.3582757205445939
BSE_500,0.5678333574389278,0.19672994077982087,0.1333402858637857,1.1004171757192227,-0.18962173854598885
HDFCNIF100,-0.846815021993012,-0.5272810910173377,1.467020337246793,-0.3935058542547139,-0.9088095256260463
Nifty_100,0.5045927610266778,0.17721318804018948,0.12837762509885178,0.9909295949526589,-0.17525524535656956
Nifty_200,0.5551470758797943,0.1928532565470189,0.1320367464267057,1.08192045330591,-0.18075164150933676
Nifty_50,0.4514896358821281,0.16044082591111186,0.12345490418534048,0.8945843556389559,-0.15766678303740744
