,Total Return,Annualized Return,Volatility,Sharpe Ratio,Max Drawdown
Classical,0.43425694815060534,0.15491892222043946,0.15593621618955536,0.6728322950513336,-0.2590845950253642
Quantum,0.604291475244185,0.2077670532424667,0.13638573044411048,1.1567709666453565,-0.22310529521759825
Quantum_Rebalanced,1.1845856292741113,0.36625730817097124,0.16905113175566674,1.8707790056564944,-0.21900378763524653
BSE_500,0.5678333574389278,0.19672994077982087,0.1333402858637857,1.1004171757192227,-0.18962173854598885
HDFCNIF100,-0.846815021993012,-0.5272810910173377,1.467020337246793,-0.3935058542547139,-0.9088095256260463
Nifty_100,0.5045927610266778,0.17721318804018948,0.12837762509885178,0.9909295949526589,-0.17525524535656956
Nifty_200,0.5551470758797943,0.1928532565470189,0.1320367464267057,1.08192045330591,-0.18075164150933676
Nifty_50,0.4514896358821281,0.16044082591111186,0.12345490418534048,0.8945843556389559,-0.15766678303740744
