,Total Return,Annualized Return,Volatility,Sharpe Ratio,Max Drawdown
Classical,0.11702470251462405,0.022764111047324675,0.14928553048194046,-0.18244158603147503,-0.305818578964799
Quantum,1.0381875224113877,0.15583838442496045,0.13896595311027957,0.7616137770160869,-0.22130844299566632
Quantum_Rebalanced,3.4983500074976677,0.357764309757427,0.1930358411563854,1.594337652084495,-0.3233059672659927
