,Total Return,Annualized Return,Volatility,Sharpe Ratio,Max Drawdown
Classical,0.4340724022060878,0.1548595727286355,0.1559375005417754,0.6724461554425375,-0.25911134506537836
Quantum,0.7069930814124408,0.2380708240737115,0.13075637660557007,1.4383300375555061,-0.1988675156265859
Quantum_Rebalanced,0.8074304121578957,0.26666473373497324,0.17487502232362784,1.2389690125900792,-0.3582757205445939
