,Total Return,Annualized Return,Volatility,Sharpe Ratio,Max Drawdown
Classical,0.43425694815060534,0.15491892222043946,0.15593621618955536,0.6728322950513336,-0.2590845950253642
Quantum,0.6016588385818753,0.20697514261283567,0.13250215231860882,1.1846988133096903,-0.16804470032020746
Quantum_Rebalanced,1.381653985174434,0.41420561601015704,0.17141661694833668,2.1246809235532,-0.22740583985638174
