,Total Return,Annualized Return,Volatility,Sharpe Ratio,Max Drawdown
Classical,0.43425694815060534,0.15491892222043946,0.15593621618955536,0.6728322950513336,-0.2590845950253642
Quantum,0.604291475244185,0.2077670532424667,0.13638573044411048,1.1567709666453565,-0.22310529521759825
Quantum_Rebalanced,1.1845856292741113,0.36625730817097124,0.16905113175566674,1.8707790056564944,-0.21900378763524653
